{
    "200.148.172.98": {
        "reactions": [
            1743689409
        ],
        "ban_until": 0
    },
    "189.7.153.149": {
        "reactions": [
            1743008457
        ],
        "ban_until": 0
    },
    "2804:1b1:ffc0:1bc9:3677:f884:7fdb:c951": {
        "reactions": [
            1743013678
        ],
        "ban_until": 0
    },
    "149.19.164.168": {
        "reactions": [
            1743104122
        ],
        "ban_until": 0
    },
    "201.28.120.161": {
        "reactions": [
            1743211227
        ],
        "ban_until": 0
    },
    "2804:14d:4481:795:a990:b107:a30:7a04": {
        "reactions": [
            1743418529
        ],
        "ban_until": 0
    },
    "2804:14d:4481:795:3bde:389d:4eb4:1832": {
        "reactions": [
            1743678641
        ],
        "ban_until": 0
    }
}