[
    {
        "nome": "ao nosso PDI",
        "duracao": "7",
        "personalizacao": "vela0",
        "id": 148,
        "timestamp": 1743099174,
        "reacoes": 2
    },
    {
        "nome": "Pela sentada da Eliza Sanches :)",
        "duracao": "7",
        "personalizacao": "vela0",
        "id": 155,
        "timestamp": 1743203525,
        "reacoes": 19
    },
    {
        "nome": "Namoro do Jimmy ",
        "duracao": "7",
        "personalizacao": "vela3",
        "id": 156,
        "timestamp": 1743211214,
        "reacoes": 2
    },
    {
        "nome": "A todos meus amigos",
        "duracao": "7",
        "personalizacao": "vela1",
        "id": 157,
        "timestamp": 1743435470,
        "reacoes": 0
    },
    {
        "nome": "Talita voltar pra cima ",
        "duracao": "7",
        "personalizacao": "vela3",
        "id": 159,
        "timestamp": 1743512394,
        "reacoes": 6
    },
    {
        "nome": "Pelo aumento do VR",
        "duracao": "7",
        "personalizacao": "vela3",
        "id": 160,
        "timestamp": 1743524107,
        "reacoes": 36
    },
    {
        "nome": "Pelo dia do pagamento",
        "duracao": "7",
        "personalizacao": "vela1",
        "id": 161,
        "timestamp": 1743532246,
        "reacoes": 1
    },
    {
        "nome": "Pelos meus projetos",
        "duracao": "7",
        "personalizacao": "vela1",
        "id": 162,
        "timestamp": 1743536148,
        "reacoes": 0
    },
    {
        "nome": "teste",
        "duracao": "7",
        "personalizacao": "vela0",
        "id": 163,
        "timestamp": 1743552935,
        "reacoes": 1
    },
    {
        "nome": "Para a chuva n\u00e3o destruir nossa casa",
        "duracao": "7",
        "personalizacao": "vela0",
        "id": 165,
        "timestamp": 1743675939,
        "reacoes": 0
    },
    {
        "nome": "Chuvinha",
        "duracao": "1",
        "personalizacao": "vela1",
        "id": 166,
        "timestamp": 1743678601,
        "reacoes": 0
    }
]